rank,title,authors,year,venue,supervision,architecture,theme,grade,status,canonical_url,doi,selection_reason
1,"BGHR: Bridging the Gap Between HBox-Supervised and RBox-Supervised Oriented Object Detection via Adaptive Fine-Grained Sample Mining","Chenlin Fu; Yingying Zhu",2025,AAAI,HBox,CNN/FCOS,"predicted-RBox assignment and fine-grained sample mining",S,core,https://ojs.aaai.org/index.php/AAAI/article/view/32310,10.1609/aaai.v39i3.32310,"Closest sample-assignment competitor"
2,"H2RBox-v2: Incorporating Symmetry for Boosting Horizontal Box Supervised Oriented Object Detection","Yi Yu; Xue Yang; Qingyun Li; Yue Zhou; Gefan Zhang; Feipeng Da; Junchi Yan",2023,NeurIPS,HBox,Rotated FCOS,"rotation and reflection symmetry",S,core,https://papers.neurips.cc/paper_files/paper/2023/hash/b9603de9e49d0838e53b6c9cf9d06556-Abstract-Conference.html,10.52202/075280-2581,"Direct parent and box-consistency boundary"
3,"ABBSPO: Adaptive Bounding Box Scaling and Symmetric Prior based Orientation Prediction for Detecting Aerial Image Objects","Woojin Lee; Hyugjae Chang; Jaeho Moon; Jaehyup Lee; Munchurl Kim",2025,CVPR,HBox,CNN,"HBox scale correction and symmetric prior",S,core,https://openaccess.thecvf.com/content/CVPR2025/html/Lee_ABBSPO_Adaptive_Bounding_Box_Scaling_and_Symmetric_Prior_based_Orientation_CVPR_2025_paper.html,,"Scale and symmetry boundary"
4,"Explicit and Implicit Box Equivariance Learning for Weakly-Supervised Rotated Object Detection","Linfei Wang; Yibing Zhan; Xu Lin; Baosheng Yu; Liang Ding; Jianqing Zhu; Dapeng Tao",2025,"IEEE TETCI",HBox,CNN,"explicit and implicit box equivariance",S,core,https://doi.org/10.1109/TETCI.2024.3398020,10.1109/TETCI.2024.3398020,"Box-equivariance boundary"
5,"H2RBox: Horizontal Box Annotation is All You Need for Oriented Object Detection","Xue Yang; Gefan Zhang; Wentong Li; Xuehui Wang; Yue Zhou; Junchi Yan",2023,ICLR,HBox,Rotated FCOS,"two-view HBox-to-RBox consistency",S,core,https://arxiv.org/abs/2210.06742,,"Foundational HBox-supervised CNN detector"
6,"Wholly-WOOD: Wholly Leveraging Diversified-quality Labels for Weakly-supervised Oriented Object Detection","Yi Yu; Xue Yang; Yansheng Li; Zhenjun Han; Feipeng Da; Junchi Yan",2025,"IEEE TPAMI","point/HBox/RBox/mixed",CNN,"unified diversified-quality supervision",S,core,https://arxiv.org/abs/2502.09471,10.1109/TPAMI.2025.3542542,"Blocks broad unified-supervision claim"
7,"OTA: Optimal Transport Assignment for Object Detection","Zheng Ge; Songtao Liu; Zeming Li; Osamu Yoshie; Jian Sun",2021,CVPR,full,CNN,"global optimal-transport label assignment",A,core,https://openaccess.thecvf.com/content/CVPR2021/html/Ge_OTA_Optimal_Transport_Assignment_for_Object_Detection_CVPR_2021_paper.html,,"Transport and crowded-instance foundation"
8,"IQDet: Instance-wise Quality Distribution Sampling for Object Detection","Yuchen Ma; Songtao Liu; Zeming Li; Jian Sun",2021,CVPR,full,CNN,"instance-wise probabilistic quality distribution",A,core,https://openaccess.thecvf.com/content/CVPR2021/html/Ma_IQDet_Instance-Wise_Quality_Distribution_Sampling_for_Object_Detection_CVPR_2021_paper.html,,"Soft distribution-sampling foundation"
9,"Dynamic Coarse-To-Fine Learning for Oriented Tiny Object Detection","Chang Xu; Jian Ding; Jinwang Wang; Wen Yang; Huai Yu; Lei Yu; Gui-Song Xia",2023,CVPR,"full RBox",CNN,"dynamic prior and coarse-to-fine assignment",A,core,https://openaccess.thecvf.com/content/CVPR2023/html/Xu_Dynamic_Coarse-To-Fine_Learning_for_Oriented_Tiny_Object_Detection_CVPR_2023_paper.html,10.1109/CVPR52729.2023.00707,"Oriented tiny-object assignment boundary"
10,"Task-wise Sampling Convolutions for Arbitrary-Oriented Object Detection in Aerial Images","Zhanchao Huang; Wei Li; Xiang-Gen Xia; Hao Wang; Ran Tao",2025,"IEEE TNNLS","full RBox",CNN,"task-wise feature sampling and dynamic assignment",A,core,https://arxiv.org/abs/2209.02200,10.1109/TNNLS.2024.3367331,"Task alignment and sampling boundary"
11,"FRED: Towards a Full Rotation-Equivariance in Aerial Image Object Detection","Chanho Lee; Jinsu Son; Hyounguk Shon; Yunho Jeon; Junmo Kim",2024,AAAI,"full RBox",CNN,"full rotation equivariance",A,core,https://ojs.aaai.org/index.php/AAAI/article/view/28069,10.1609/aaai.v38i4.28069,"Blocks broad rotation-equivariance claim"
12,"Point2RBox-v2: Rethinking Point-supervised Oriented Object Detection with Spatial Layout Among Instances","Yi Yu; Botao Ren; Peiyuan Zhang; Mingxin Liu; Junwei Luo; Shaofeng Zhang; Feipeng Da; Junchi Yan; Xue Yang",2025,CVPR,point,CNN,"dense instance layout and consistency",A,adjacent,https://openaccess.thecvf.com/content/CVPR2025/html/Yu_Point2RBox-v2_Rethinking_Point-supervised_Oriented_Object_Detection_with_Spatial_Layout_Among_CVPR_2025_paper.html,,"Local-exclusivity and point-route boundary"
13,"Partial Weakly-Supervised Oriented Object Detection","Mingxin Liu; Peiyuan Zhang; Yuan Liu; Wei Zhang; Yue Zhou; Ning Liao; Ziyang Gong; Junwei Luo; Zhirui Wang; Yi Yu; Xue Yang",2026,CVPR,"partial HBox/point plus unlabeled",teacher-student,"partial weak supervision and pseudo-label filtering",A,adjacent,https://arxiv.org/abs/2507.02751,,"Partial/missing-annotation boundary"
14,"SPWOOD: Sparse Partial Weakly-Supervised Oriented Object Detection","Wei Zhang; Xiang Liu; Ningjing Liu; Mingxin Liu; Wei Liao; Chunyan Xu; Xue Yang",2026,ICLR,"sparse partial weak plus unlabeled",teacher-student,"hard-negative suppression and multi-level pseudo labels",A,adjacent,https://openreview.net/forum?id=PXaboOpwGv,,"Separates missing-object negatives from HBox-interior ambiguity"
15,"Oriented RepPoints for Aerial Object Detection","Wentong Li; Yijie Chen; Kaixuan Hu; Jianke Zhu",2022,CVPR,"full RBox",CNN,"adaptive point representation and quality assignment",B,supporting,https://openaccess.thecvf.com/content/CVPR2022/html/Li_Oriented_RepPoints_for_Aerial_Object_Detection_CVPR_2022_paper.html,,"Oriented sample-quality precedent"
16,"RTMDet: An Empirical Study of Designing Real-Time Object Detectors","Chengqi Lyu; Wenwei Zhang; Haian Huang; Yue Zhou; Yudong Wang; Yanyi Liu; Shilong Zhang; Kai Chen",2022,arXiv,full,CNN,"dynamic soft-label assignment and efficient detector",B,supporting,https://arxiv.org/abs/2212.07784,,"Secondary portability parent"
17,"Bridging the Gap Between Anchor-Based and Anchor-Free Detection via Adaptive Training Sample Selection","Shifeng Zhang; Cheng Chi; Yongqiang Yao; Zhen Lei; Stan Z. Li",2020,CVPR,full,CNN,"adaptive training sample selection",B,foundation,https://openaccess.thecvf.com/content_CVPR_2020/html/Zhang_Bridging_the_Gap_Between_Anchor-Based_and_Anchor-Free_Detection_via_Adaptive_CVPR_2020_paper.html,,"Foundational positive-negative assignment result"
18,"FCOS: Fully Convolutional One-Stage Object Detection","Zhi Tian; Chunhua Shen; Hao Chen; Tong He",2019,ICCV,full,CNN,"anchor-free dense locations and centerness",B,foundation,https://openaccess.thecvf.com/content_ICCV_2019/html/Tian_FCOS_Fully_Convolutional_One-Stage_Object_Detection_ICCV_2019_paper.html,,"Architectural foundation of H2RBox-v2"
