rank,title,venue,year,supervision,fit,proximity,evidence,recency,actionability,total,status,url
1,"H2RBox-v2: Incorporating Symmetry for Boosting Horizontal Box Supervised Oriented Object Detection",NeurIPS,2023,HBox,5,5,5,3,5,23,core,https://papers.neurips.cc/paper_files/paper/2023/hash/b9603de9e49d0838e53b6c9cf9d06556-Abstract-Conference.html
2,"ABBSPO: Adaptive Bounding Box Scaling and Symmetric Prior based Orientation Prediction",CVPR,2025,HBox,5,5,5,5,5,25,core,https://openaccess.thecvf.com/content/CVPR2025/html/Lee_ABBSPO_Adaptive_Bounding_Box_Scaling_and_Symmetric_Prior_based_Orientation_CVPR_2025_paper.html
3,"BGHR: Bridging the Gap Between HBox-Supervised and RBox-Supervised Oriented Object Detection",AAAI,2025,HBox,5,5,5,5,5,25,core,https://ojs.aaai.org/index.php/AAAI/article/view/32310
4,"Wholly-WOOD: Wholly Leveraging Diversified-Quality Labels for Weakly-Supervised Oriented Object Detection",TPAMI,2025,"point/HBox/RBox/mixed",5,4,5,5,5,24,core,https://doi.org/10.1109/TPAMI.2025.3542542
5,"Partial Weakly-Supervised Oriented Object Detection",CVPR,2026,"partial weak HBox/point",5,4,5,5,5,24,core,https://openaccess.thecvf.com/content/CVPR2026/html/Liu_Partial_Weakly-Supervised_Oriented_Object_Detection_CVPR_2026_paper.html
6,"H2RBox: Horizontal Box Annotation is All You Need for Oriented Object Detection",ICLR,2023,HBox,5,5,5,3,5,23,core,https://arxiv.org/abs/2210.06742
7,"Point2RBox-v2: Rethinking Point-supervised Oriented Object Detection with Spatial Layout Among Instances",CVPR,2025,point,4,4,5,5,5,23,core,https://openaccess.thecvf.com/content/CVPR2025/html/Yu_Point2RBox-v2_Rethinking_Point-supervised_Oriented_Object_Detection_with_Spatial_Layout_Among_CVPR_2025_paper.html
8,"PointOBB-v2: Towards Simpler Faster and Stronger Single Point Supervised Oriented Object Detection",ICLR,2025,point,4,3,5,5,4,21,core,https://proceedings.iclr.cc/paper_files/paper/2025/hash/636d57c09a5baacd83722639265802f6-Abstract-Conference.html
9,"PointOBB: Learning Oriented Object Detection via Single Point Supervision",CVPR,2024,point,4,4,5,4,4,21,core,https://openaccess.thecvf.com/content/CVPR2024/html/Luo_PointOBB_Learning_Oriented_Object_Detection_via_Single_Point_Supervision_CVPR_2024_paper.html
10,"Point2RBox: Combine Knowledge from Synthetic Visual Patterns for End-to-end Oriented Object Detection",CVPR,2024,point,4,3,5,4,4,20,core,https://openaccess.thecvf.com/content/CVPR2024/html/Yu_Point2RBox_Combine_Knowledge_from_Synthetic_Visual_Patterns_for_End-to-end_Oriented_CVPR_2024_paper.html
11,"Relational Matching for Weakly Semi-Supervised Oriented Object Detection",CVPR,2024,"partial RBox + point",4,4,5,4,5,22,core,https://openaccess.thecvf.com/content/CVPR2024/html/Wu_Relational_Matching_for_Weakly_Semi-Supervised_Oriented_Object_Detection_CVPR_2024_paper.html
12,"Hausdorff Distance Matching with Adaptive Query Denoising for Rotated Detection Transformer",WACV,2025,"full RBox",4,5,5,5,5,24,core,https://openaccess.thecvf.com/content/WACV2025/html/Lee_Hausdorff_Distance_Matching_with_Adaptive_Query_Denoising_for_Rotated_Detection_WACV_2025_paper.html
13,"AO2-DETR: Arbitrary-Oriented Object Detection Transformer",arXiv,2022,"full RBox",4,5,4,2,4,19,core,https://arxiv.org/abs/2205.12785
14,"FRED: Towards a Full Rotation-Equivariance in Aerial Image Object Detection",AAAI,2024,"full RBox",4,3,5,4,4,20,adjacent,https://ojs.aaai.org/index.php/AAAI/article/view/28069
15,"Open-World Objectness Modeling Unifies Novel Object Detection",CVPR,2025,"open-world incomplete labels",3,4,5,5,5,22,adjacent,https://openaccess.thecvf.com/content/CVPR2025/html/Zhang_Open-World_Objectness_Modeling_Unifies_Novel_Object_Detection_CVPR_2025_paper.html
